 구분 ,인원,총급여,근로소득금액,소득공제금액,과세표준,결정세액
상위 0.1%,21078,210647,206692,9707,196985,72676
상위 0.2%,21079,92533,88468,6240,82228,26404
상위 0.3%,21078,73669,69631,5453,64178,19445
상위 0.4%,21079,63579,59717,5090,54627,15867
상위 0.5%,21078,57025,53279,4868,48412,13592
상위 0.6%,21079,52164,48493,4720,43773,11904
상위 0.7%,21078,48661,45061,4664,40397,10634
상위 0.8%,21079,45875,42314,4609,37705,9642
상위 0.9%,21078,43742,40215,4596,35619,8867
상위 1.0%,21079,42059,38555,4594,33961,8264
 상위 2% ,210785,365333,331273,44165,287108,64019
 상위 3% ,210786,310222,277177,41850,235328,46296
 상위 4% ,210785,276491,244094,40438,203656,35512
 상위 5% ,210785,252607,220685,38635,182050,28517
 상위 6% ,210786,234741,203172,37092,166081,24205
 상위 7% ,210785,220389,189109,36365,152744,21104
 상위 8% ,210785,209213,178219,35799,142421,18718
 상위 9% ,210786,200197,169638,35902,133736,16694
 상위 10% ,210785,192172,162013,35608,126406,15032
 상위 11% ,210785,184848,155055,35258,119797,13561
 상위 12% ,210786,178188,148728,34510,114219,12393
 상위 13% ,210785,172033,142881,33964,108917,11315
 상위 14% ,210785,166247,137384,33338,104046,10351
 상위 15% ,210786,160753,132164,32806,99358,9532
 상위 16% ,210785,155494,127168,32158,95010,8848
 상위 17% ,210785,150669,122585,31255,91330,8321
 상위 18% ,210786,146126,118269,31218,87051,7417
 상위 19% ,210785,141794,114154,30724,83429,6881
 상위 20% ,210786,137731,110293,29876,80417,6481
 상위 21% ,210785,133886,106640,29224,77416,6074
 상위 22% ,210785,130268,103203,28437,74766,5719
 상위 23% ,210786,126929,100032,27432,72600,5465
 상위 24% ,210785,123811,97070,27248,69822,5058
 상위 25% ,210785,120711,94125,26563,67562,4764
 상위 26% ,210786,117673,91238,26027,65211,4443
 상위 27% ,210785,114793,88502,25393,63110,4115
 상위 28% ,210785,112010,85858,24907,60951,3818
 상위 29% ,210786,109304,83287,24301,58986,3562
 상위 30% ,210785,106713,80826,23786,57040,3307
 상위 31% ,210785,104281,78516,23154,55362,3098
 상위 32% ,210786,101950,76301,22483,53818,2919
 상위 33% ,210785,99856,74312,22227,52085,2670
 상위 34% ,210785,97683,72248,21669,50579,2491
 상위 35% ,210786,95642,70309,21157,49152,2325
 상위 36% ,210785,93643,68531,20778,47753,2147
 상위 37% ,210785,91700,66879,20363,46516,1998
 상위 38% ,210786,89861,65316,19894,45422,1864
 상위 39% ,210785,88155,63866,19414,44452,1766
 상위 40% ,210786,86436,62404,19213,43191,1599
 상위 41% ,210785,84751,60973,18820,42153,1478
 상위 42% ,210785,83163,59622,18464,41158,1373
 상위 43% ,210786,81577,58275,18131,40144,1263
 상위 44% ,210785,80070,56993,17746,39247,1153
 상위 45% ,210785,78586,55732,17503,38230,1058
 상위 46% ,210786,77152,54514,17141,37372,973
 상위 47% ,210785,75900,53449,16934,36515,944
 상위 48% ,210785,74676,52409,16559,35849,842
 상위 49% ,210786,73343,51275,16348,34927,783
 상위 50% ,210785,72021,50152,15940,34212,725
 상위 51% ,210785,70785,49101,15715,33386,684
 상위 52% ,210786,69529,48034,15383,32651,623
 상위 53% ,210785,68265,46960,15148,31811,581
 상위 54% ,210785,67008,45891,14787,31104,542
 상위 55% ,210786,65782,44849,14658,30190,505
 상위 56% ,210785,64575,43823,14216,29607,475
 상위 57% ,210785,63426,42846,13924,28922,457
 상위 58% ,210786,62467,42031,13566,28465,423
 상위 59% ,210785,61230,40979,12899,28080,411
 상위 60% ,210786,60140,40053,13393,26660,361
 상위 61% ,210785,58958,39048,12741,26307,352
 상위 62% ,210785,57951,38192,12592,25600,338
 상위 63% ,210786,56836,37244,12294,24950,318
 상위 64% ,210785,55752,36323,12207,24116,299
 상위 65% ,210785,54740,35463,11923,23540,281
 상위 66% ,210786,53596,34491,10815,23676,296
 상위 67% ,210785,52864,33868,12011,21857,246
 상위 68% ,210785,52159,33269,11607,21662,250
 상위 69% ,210786,51212,32464,10415,22049,263
 상위 70% ,210785,50259,31654,11359,20295,219
 상위 71% ,210785,48716,30342,9931,20412,230
 상위 72% ,210786,47284,29125,10304,18821,201
 상위 73% ,210785,45689,27770,9767,18003,186
 상위 74% ,210785,44044,26371,9166,17206,173
 상위 75% ,210786,42336,24919,8932,15988,151
 상위 76% ,210785,40523,23378,8618,14760,128
 상위 77% ,210785,38743,21866,7874,13992,114
 상위 78% ,210786,37171,20529,8590,11940,77
 상위 79% ,210785,35230,18879,7709,11171,64
 상위 80% ,210786,33380,17307,7603,9703,40
 상위 81% ,210785,31593,15852,6995,8857,22
 상위 82% ,210785,29762,14695,6613,8083,8
 상위 83% ,210786,27814,13527,6169,7359,1
 상위 84% ,210785,26056,12472,5399,7073,0
 상위 85% ,210785,24654,11631,5580,6050,0
 상위 86% ,210786,22734,10478,5100,5379,0
 상위 87% ,210785,20942,9404,4807,4597,0
 상위 88% ,210785,19255,8392,4560,3832,0
 상위 89% ,210786,17446,7306,4283,3023,0
 상위 90% ,210785,16165,6537,4048,2489,0
 상위 91% ,210785,14618,5609,3953,1656,0
 상위 92% ,210786,12983,4628,3737,891,0
 상위 93% ,210785,11291,3614,3430,184,0
 상위 94% ,210785,9613,2884,2884,0,0
 상위 95% ,210786,8088,2427,2426,0,0
 상위 96% ,210785,6429,1929,1929,0,0
 상위 97% ,210785,4876,1463,1463,0,0
 상위 98% ,210786,3480,1044,1044,0,0
 상위 99% ,210785,1932,580,580,0,0
 상위 100% ,210786,450,135,135,0,0
